[{
	"orderNo": "orderNo 1",
	"jobPeriod": "jobPeriod 1",
	"jobYear": "jobYear 1",
	"materialNo": "materialNo 1",
	"invoiceNo": "invoiceNo 1",
	"freeIssueIMSection": 188.38,
	"nonFreeIssueIMSection": 7506.16,
	"netIssueQuantity": 9220.45,
	"conQtyPrevRec": 8636.99,
	"conQtyBill": 6057.63,
	"conQtyTot": 1597.77,
	"unAccWtgPreRec": 8955.34,
	"unAccWtgBill": 2729.83,
	"unAccWtgTot": 9324.77,
	"accWtgQtyPreRec": 8156.5,
	"accWtgQtyBill": 6706.2,
	"accWtgQtyTot": 9329.13,
	"balanceQty": 5718.91,
	"status": "status 1",
	"remarks": "remarks 1",
	"__metadata": {
		"uri": "CumulativeQtySet(orderNo='orderNo%201',jobPeriod='jobPeriod%201',jobYear='jobYear%201',materialNo='materialNo%201')",
		"type": "YMM_MAT_RCON_SRV.CumulativeQty"
	}
}, {
	"orderNo": "orderNo 2",
	"jobPeriod": "jobPeriod 2",
	"jobYear": "jobYear 2",
	"materialNo": "materialNo 2",
	"invoiceNo": "invoiceNo 2",
	"freeIssueIMSection": 7625.17,
	"nonFreeIssueIMSection": 7698.7,
	"netIssueQuantity": 1074.83,
	"conQtyPrevRec": 7661.95,
	"conQtyBill": 9700.62,
	"conQtyTot": 3985.24,
	"unAccWtgPreRec": 1796.24,
	"unAccWtgBill": 5647.05,
	"unAccWtgTot": 4676.04,
	"accWtgQtyPreRec": 7234.07,
	"accWtgQtyBill": 9353.82,
	"accWtgQtyTot": 6786.34,
	"balanceQty": 4088.68,
	"status": "status 2",
	"remarks": "remarks 2",
	"__metadata": {
		"uri": "CumulativeQtySet(orderNo='orderNo%202',jobPeriod='jobPeriod%202',jobYear='jobYear%202',materialNo='materialNo%202')",
		"type": "YMM_MAT_RCON_SRV.CumulativeQty"
	}
}, {
	"orderNo": "orderNo 3",
	"jobPeriod": "jobPeriod 3",
	"jobYear": "jobYear 3",
	"materialNo": "materialNo 3",
	"invoiceNo": "invoiceNo 3",
	"freeIssueIMSection": 9376.09,
	"nonFreeIssueIMSection": 4960.32,
	"netIssueQuantity": 6570.34,
	"conQtyPrevRec": 4651.77,
	"conQtyBill": 3367,
	"conQtyTot": 4540.83,
	"unAccWtgPreRec": 344.22,
	"unAccWtgBill": 967.69,
	"unAccWtgTot": 771.3,
	"accWtgQtyPreRec": 7371.34,
	"accWtgQtyBill": 5825.77,
	"accWtgQtyTot": 8402.77,
	"balanceQty": 1914.24,
	"status": "status 3",
	"remarks": "remarks 3",
	"__metadata": {
		"uri": "CumulativeQtySet(orderNo='orderNo%203',jobPeriod='jobPeriod%203',jobYear='jobYear%203',materialNo='materialNo%203')",
		"type": "YMM_MAT_RCON_SRV.CumulativeQty"
	}
}, {
	"orderNo": "orderNo 4",
	"jobPeriod": "jobPeriod 4",
	"jobYear": "jobYear 4",
	"materialNo": "materialNo 4",
	"invoiceNo": "invoiceNo 4",
	"freeIssueIMSection": 2674.84,
	"nonFreeIssueIMSection": 9333.73,
	"netIssueQuantity": 5971.06,
	"conQtyPrevRec": 7618.16,
	"conQtyBill": 4391.43,
	"conQtyTot": 2178.54,
	"unAccWtgPreRec": 8305.21,
	"unAccWtgBill": 4136.21,
	"unAccWtgTot": 718.39,
	"accWtgQtyPreRec": 9034.98,
	"accWtgQtyBill": 7623.26,
	"accWtgQtyTot": 5703.19,
	"balanceQty": 1529.04,
	"status": "status 4",
	"remarks": "remarks 4",
	"__metadata": {
		"uri": "CumulativeQtySet(orderNo='orderNo%204',jobPeriod='jobPeriod%204',jobYear='jobYear%204',materialNo='materialNo%204')",
		"type": "YMM_MAT_RCON_SRV.CumulativeQty"
	}
}, {
	"orderNo": "orderNo 5",
	"jobPeriod": "jobPeriod 5",
	"jobYear": "jobYear 5",
	"materialNo": "materialNo 5",
	"invoiceNo": "invoiceNo 5",
	"freeIssueIMSection": 7017.55,
	"nonFreeIssueIMSection": 210.85,
	"netIssueQuantity": 5578.43,
	"conQtyPrevRec": 4964.48,
	"conQtyBill": 1606.18,
	"conQtyTot": 7890.85,
	"unAccWtgPreRec": 7266.02,
	"unAccWtgBill": 6105.08,
	"unAccWtgTot": 4458.24,
	"accWtgQtyPreRec": 1552.65,
	"accWtgQtyBill": 7113.29,
	"accWtgQtyTot": 5435.93,
	"balanceQty": 4915.95,
	"status": "status 5",
	"remarks": "remarks 5",
	"__metadata": {
		"uri": "CumulativeQtySet(orderNo='orderNo%205',jobPeriod='jobPeriod%205',jobYear='jobYear%205',materialNo='materialNo%205')",
		"type": "YMM_MAT_RCON_SRV.CumulativeQty"
	}
}, {
	"orderNo": "orderNo 6",
	"jobPeriod": "jobPeriod 6",
	"jobYear": "jobYear 6",
	"materialNo": "materialNo 6",
	"invoiceNo": "invoiceNo 6",
	"freeIssueIMSection": 9381.81,
	"nonFreeIssueIMSection": 7853.77,
	"netIssueQuantity": 8098.84,
	"conQtyPrevRec": 1277.69,
	"conQtyBill": 1576.16,
	"conQtyTot": 6119.16,
	"unAccWtgPreRec": 4129.25,
	"unAccWtgBill": 7130.7,
	"unAccWtgTot": 8342.23,
	"accWtgQtyPreRec": 3901.19,
	"accWtgQtyBill": 1963.24,
	"accWtgQtyTot": 7628.35,
	"balanceQty": 3178.59,
	"status": "status 6",
	"remarks": "remarks 6",
	"__metadata": {
		"uri": "CumulativeQtySet(orderNo='orderNo%206',jobPeriod='jobPeriod%206',jobYear='jobYear%206',materialNo='materialNo%206')",
		"type": "YMM_MAT_RCON_SRV.CumulativeQty"
	}
}, {
	"orderNo": "orderNo 7",
	"jobPeriod": "jobPeriod 7",
	"jobYear": "jobYear 7",
	"materialNo": "materialNo 7",
	"invoiceNo": "invoiceNo 7",
	"freeIssueIMSection": 3095.36,
	"nonFreeIssueIMSection": 6182.87,
	"netIssueQuantity": 4993.38,
	"conQtyPrevRec": 7895.66,
	"conQtyBill": 1800.71,
	"conQtyTot": 7022.17,
	"unAccWtgPreRec": 850.35,
	"unAccWtgBill": 5207.39,
	"unAccWtgTot": 8162.9,
	"accWtgQtyPreRec": 9939.88,
	"accWtgQtyBill": 2220.12,
	"accWtgQtyTot": 5239.66,
	"balanceQty": 8795.31,
	"status": "status 7",
	"remarks": "remarks 7",
	"__metadata": {
		"uri": "CumulativeQtySet(orderNo='orderNo%207',jobPeriod='jobPeriod%207',jobYear='jobYear%207',materialNo='materialNo%207')",
		"type": "YMM_MAT_RCON_SRV.CumulativeQty"
	}
}, {
	"orderNo": "orderNo 8",
	"jobPeriod": "jobPeriod 8",
	"jobYear": "jobYear 8",
	"materialNo": "materialNo 8",
	"invoiceNo": "invoiceNo 8",
	"freeIssueIMSection": 2623.01,
	"nonFreeIssueIMSection": 6829.7,
	"netIssueQuantity": 5444.75,
	"conQtyPrevRec": 1588.05,
	"conQtyBill": 2751.28,
	"conQtyTot": 5833.78,
	"unAccWtgPreRec": 2900.24,
	"unAccWtgBill": 4476.6,
	"unAccWtgTot": 8334.56,
	"accWtgQtyPreRec": 4800.81,
	"accWtgQtyBill": 276.15,
	"accWtgQtyTot": 9986.29,
	"balanceQty": 3261.85,
	"status": "status 8",
	"remarks": "remarks 8",
	"__metadata": {
		"uri": "CumulativeQtySet(orderNo='orderNo%208',jobPeriod='jobPeriod%208',jobYear='jobYear%208',materialNo='materialNo%208')",
		"type": "YMM_MAT_RCON_SRV.CumulativeQty"
	}
}, {
	"orderNo": "orderNo 9",
	"jobPeriod": "jobPeriod 9",
	"jobYear": "jobYear 9",
	"materialNo": "materialNo 9",
	"invoiceNo": "invoiceNo 9",
	"freeIssueIMSection": 2110.96,
	"nonFreeIssueIMSection": 4309.95,
	"netIssueQuantity": 2652.34,
	"conQtyPrevRec": 8211.79,
	"conQtyBill": 6843.5,
	"conQtyTot": 748.52,
	"unAccWtgPreRec": 4985.85,
	"unAccWtgBill": 9170.15,
	"unAccWtgTot": 4738.56,
	"accWtgQtyPreRec": 8994.54,
	"accWtgQtyBill": 8565.52,
	"accWtgQtyTot": 7539.94,
	"balanceQty": 7627.81,
	"status": "status 9",
	"remarks": "remarks 9",
	"__metadata": {
		"uri": "CumulativeQtySet(orderNo='orderNo%209',jobPeriod='jobPeriod%209',jobYear='jobYear%209',materialNo='materialNo%209')",
		"type": "YMM_MAT_RCON_SRV.CumulativeQty"
	}
}, {
	"orderNo": "orderNo 10",
	"jobPeriod": "jobPeriod 10",
	"jobYear": "jobYear 10",
	"materialNo": "materialNo 10",
	"invoiceNo": "invoiceNo 10",
	"freeIssueIMSection": 8548.12,
	"nonFreeIssueIMSection": 6684.15,
	"netIssueQuantity": 5822.24,
	"conQtyPrevRec": 7067.4,
	"conQtyBill": 9463.4,
	"conQtyTot": 6812.56,
	"unAccWtgPreRec": 627.21,
	"unAccWtgBill": 3482.75,
	"unAccWtgTot": 5122.34,
	"accWtgQtyPreRec": 8692.76,
	"accWtgQtyBill": 8019.08,
	"accWtgQtyTot": 8785.54,
	"balanceQty": 7374.4,
	"status": "status 10",
	"remarks": "remarks 10",
	"__metadata": {
		"uri": "CumulativeQtySet(orderNo='orderNo%2010',jobPeriod='jobPeriod%2010',jobYear='jobYear%2010',materialNo='materialNo%2010')",
		"type": "YMM_MAT_RCON_SRV.CumulativeQty"
	}
}]