[{
	"orderNo": "orderNo 1",
	"jobPeriod": "jobPeriod 1",
	"jobYear": "jobYear 1",
	"invoiceNo": "invoiceNo 1",
	"invoiceDate": "/Date(1573365145000)/",
	"materialNo": "materialNo 1",
	"vendorName": "vendorName 1",
	"__metadata": {
		"uri": "DetailHeaderSet(orderNo='orderNo%201',jobPeriod='jobPeriod%201',jobYear='jobYear%201',materialNo='materialNo%201')",
		"type": "YMM_MAT_RCON_SRV.DetailHeader"
	}
}, {
	"orderNo": "orderNo 2",
	"jobPeriod": "jobPeriod 2",
	"jobYear": "jobYear 2",
	"invoiceNo": "invoiceNo 2",
	"invoiceDate": "/Date(1545717145000)/",
	"materialNo": "materialNo 2",
	"vendorName": "vendorName 2",
	"__metadata": {
		"uri": "DetailHeaderSet(orderNo='orderNo%202',jobPeriod='jobPeriod%202',jobYear='jobYear%202',materialNo='materialNo%202')",
		"type": "YMM_MAT_RCON_SRV.DetailHeader"
	}
}, {
	"orderNo": "orderNo 3",
	"jobPeriod": "jobPeriod 3",
	"jobYear": "jobYear 3",
	"invoiceNo": "invoiceNo 3",
	"invoiceDate": "/Date(1554702745000)/",
	"materialNo": "materialNo 3",
	"vendorName": "vendorName 3",
	"__metadata": {
		"uri": "DetailHeaderSet(orderNo='orderNo%203',jobPeriod='jobPeriod%203',jobYear='jobYear%203',materialNo='materialNo%203')",
		"type": "YMM_MAT_RCON_SRV.DetailHeader"
	}
}, {
	"orderNo": "orderNo 4",
	"jobPeriod": "jobPeriod 4",
	"jobYear": "jobYear 4",
	"invoiceNo": "invoiceNo 4",
	"invoiceDate": "/Date(970638745000)/",
	"materialNo": "materialNo 4",
	"vendorName": "vendorName 4",
	"__metadata": {
		"uri": "DetailHeaderSet(orderNo='orderNo%204',jobPeriod='jobPeriod%204',jobYear='jobYear%204',materialNo='materialNo%204')",
		"type": "YMM_MAT_RCON_SRV.DetailHeader"
	}
}, {
	"orderNo": "orderNo 5",
	"jobPeriod": "jobPeriod 5",
	"jobYear": "jobYear 5",
	"invoiceNo": "invoiceNo 5",
	"invoiceDate": "/Date(1201845145000)/",
	"materialNo": "materialNo 5",
	"vendorName": "vendorName 5",
	"__metadata": {
		"uri": "DetailHeaderSet(orderNo='orderNo%205',jobPeriod='jobPeriod%205',jobYear='jobYear%205',materialNo='materialNo%205')",
		"type": "YMM_MAT_RCON_SRV.DetailHeader"
	}
}, {
	"orderNo": "orderNo 6",
	"jobPeriod": "jobPeriod 6",
	"jobYear": "jobYear 6",
	"invoiceNo": "invoiceNo 6",
	"invoiceDate": "/Date(1449467545000)/",
	"materialNo": "materialNo 6",
	"vendorName": "vendorName 6",
	"__metadata": {
		"uri": "DetailHeaderSet(orderNo='orderNo%206',jobPeriod='jobPeriod%206',jobYear='jobYear%206',materialNo='materialNo%206')",
		"type": "YMM_MAT_RCON_SRV.DetailHeader"
	}
}, {
	"orderNo": "orderNo 7",
	"jobPeriod": "jobPeriod 7",
	"jobYear": "jobYear 7",
	"invoiceNo": "invoiceNo 7",
	"invoiceDate": "/Date(1505627545000)/",
	"materialNo": "materialNo 7",
	"vendorName": "vendorName 7",
	"__metadata": {
		"uri": "DetailHeaderSet(orderNo='orderNo%207',jobPeriod='jobPeriod%207',jobYear='jobYear%207',materialNo='materialNo%207')",
		"type": "YMM_MAT_RCON_SRV.DetailHeader"
	}
}, {
	"orderNo": "orderNo 8",
	"jobPeriod": "jobPeriod 8",
	"jobYear": "jobYear 8",
	"invoiceNo": "invoiceNo 8",
	"invoiceDate": "/Date(1295416345000)/",
	"materialNo": "materialNo 8",
	"vendorName": "vendorName 8",
	"__metadata": {
		"uri": "DetailHeaderSet(orderNo='orderNo%208',jobPeriod='jobPeriod%208',jobYear='jobYear%208',materialNo='materialNo%208')",
		"type": "YMM_MAT_RCON_SRV.DetailHeader"
	}
}, {
	"orderNo": "orderNo 9",
	"jobPeriod": "jobPeriod 9",
	"jobYear": "jobYear 9",
	"invoiceNo": "invoiceNo 9",
	"invoiceDate": "/Date(1288504345000)/",
	"materialNo": "materialNo 9",
	"vendorName": "vendorName 9",
	"__metadata": {
		"uri": "DetailHeaderSet(orderNo='orderNo%209',jobPeriod='jobPeriod%209',jobYear='jobYear%209',materialNo='materialNo%209')",
		"type": "YMM_MAT_RCON_SRV.DetailHeader"
	}
}, {
	"orderNo": "orderNo 10",
	"jobPeriod": "jobPeriod 10",
	"jobYear": "jobYear 10",
	"invoiceNo": "invoiceNo 10",
	"invoiceDate": "/Date(1055137945000)/",
	"materialNo": "materialNo 10",
	"vendorName": "vendorName 10",
	"__metadata": {
		"uri": "DetailHeaderSet(orderNo='orderNo%2010',jobPeriod='jobPeriod%2010',jobYear='jobYear%2010',materialNo='materialNo%2010')",
		"type": "YMM_MAT_RCON_SRV.DetailHeader"
	}
}]