[{
	"orderNo": "orderNo 1",
	"jobPeriod": "jobPeriod 1",
	"jobYear": "jobYear 1",
	"invoiceNo": "invoiceNo 1",
	"invoiceDate": "/Date(1467697943000)/",
	"jobStartPeriod": "/Date(1366609943000)/",
	"jobEndPeriod": "/Date(1019973143000)/",
	"materialNo": "materialNo 1",
	"materialDesc": "materialDesc 1",
	"mblnr": "mblnr 1",
	"mjahr": "mjahr 1",
	"UOM": "UOM 1",
	"segment": "segment 1",
	"vendorCode": "vendorCode 1",
	"vendorRepresentative": "vendorRepresentative 1",
	"woIssueType": "woIssueType 1",
	"freeIssueIMSection": "freeIssueIMSection 1",
	"nonFreeIssueIMSection": "nonFreeIssueIMSection 1",
	"quantity": "quantity 1",
	"conQtyPrevRec": "conQtyPrevRec 1",
	"conQtyBill": "conQtyBill 1",
	"unAccWtgPreRec": "unAccWtgPreRec 1",
	"unAccWtgBill": "unAccWtgBill 1",
	"accWtgQtyPreRec": "accWtgQtyPreRec 1",
	"accWtgQtyBill": "accWtgQtyBill 1",
	"balanceQty": "balanceQty 1",
	"vendorName": "vendorName 1",
	"projManNo": "projManNo 1",
	"projManName": "projManName 1",
	"approvedDate": "/Date(1364190743000)/",
	"status": "status 1",
	"tag": "tag 1",
	"__metadata": {
		"uri": "DetailSectionSet('orderNo%201')",
		"type": "YMM_MAT_RCON_SRV.DetailSection"
	}
}, {
	"orderNo": "orderNo 2",
	"jobPeriod": "jobPeriod 2",
	"jobYear": "jobYear 2",
	"invoiceNo": "invoiceNo 2",
	"invoiceDate": "/Date(1038721943000)/",
	"jobStartPeriod": "/Date(1064987543000)/",
	"jobEndPeriod": "/Date(1445665943000)/",
	"materialNo": "materialNo 2",
	"materialDesc": "materialDesc 2",
	"mblnr": "mblnr 2",
	"mjahr": "mjahr 2",
	"UOM": "UOM 2",
	"segment": "segment 2",
	"vendorCode": "vendorCode 2",
	"vendorRepresentative": "vendorRepresentative 2",
	"woIssueType": "woIssueType 2",
	"freeIssueIMSection": "freeIssueIMSection 2",
	"nonFreeIssueIMSection": "nonFreeIssueIMSection 2",
	"quantity": "quantity 2",
	"conQtyPrevRec": "conQtyPrevRec 2",
	"conQtyBill": "conQtyBill 2",
	"unAccWtgPreRec": "unAccWtgPreRec 2",
	"unAccWtgBill": "unAccWtgBill 2",
	"accWtgQtyPreRec": "accWtgQtyPreRec 2",
	"accWtgQtyBill": "accWtgQtyBill 2",
	"balanceQty": "balanceQty 2",
	"vendorName": "vendorName 2",
	"projManNo": "projManNo 2",
	"projManName": "projManName 2",
	"approvedDate": "/Date(1310104343000)/",
	"status": "status 2",
	"tag": "tag 2",
	"__metadata": {
		"uri": "DetailSectionSet('orderNo%202')",
		"type": "YMM_MAT_RCON_SRV.DetailSection"
	}
}, {
	"orderNo": "orderNo 3",
	"jobPeriod": "jobPeriod 3",
	"jobYear": "jobYear 3",
	"invoiceNo": "invoiceNo 3",
	"invoiceDate": "/Date(1576821143000)/",
	"jobStartPeriod": "/Date(1555221143000)/",
	"jobEndPeriod": "/Date(1134798743000)/",
	"materialNo": "materialNo 3",
	"materialDesc": "materialDesc 3",
	"mblnr": "mblnr 3",
	"mjahr": "mjahr 3",
	"UOM": "UOM 3",
	"segment": "segment 3",
	"vendorCode": "vendorCode 3",
	"vendorRepresentative": "vendorRepresentative 3",
	"woIssueType": "woIssueType 3",
	"freeIssueIMSection": "freeIssueIMSection 3",
	"nonFreeIssueIMSection": "nonFreeIssueIMSection 3",
	"quantity": "quantity 3",
	"conQtyPrevRec": "conQtyPrevRec 3",
	"conQtyBill": "conQtyBill 3",
	"unAccWtgPreRec": "unAccWtgPreRec 3",
	"unAccWtgBill": "unAccWtgBill 3",
	"accWtgQtyPreRec": "accWtgQtyPreRec 3",
	"accWtgQtyBill": "accWtgQtyBill 3",
	"balanceQty": "balanceQty 3",
	"vendorName": "vendorName 3",
	"projManNo": "projManNo 3",
	"projManName": "projManName 3",
	"approvedDate": "/Date(1226382743000)/",
	"status": "status 3",
	"tag": "tag 3",
	"__metadata": {
		"uri": "DetailSectionSet('orderNo%203')",
		"type": "YMM_MAT_RCON_SRV.DetailSection"
	}
}, {
	"orderNo": "orderNo 4",
	"jobPeriod": "jobPeriod 4",
	"jobYear": "jobYear 4",
	"invoiceNo": "invoiceNo 4",
	"invoiceDate": "/Date(1511243543000)/",
	"jobStartPeriod": "/Date(1363067543000)/",
	"jobEndPeriod": "/Date(1084168343000)/",
	"materialNo": "materialNo 4",
	"materialDesc": "materialDesc 4",
	"mblnr": "mblnr 4",
	"mjahr": "mjahr 4",
	"UOM": "UOM 4",
	"segment": "segment 4",
	"vendorCode": "vendorCode 4",
	"vendorRepresentative": "vendorRepresentative 4",
	"woIssueType": "woIssueType 4",
	"freeIssueIMSection": "freeIssueIMSection 4",
	"nonFreeIssueIMSection": "nonFreeIssueIMSection 4",
	"quantity": "quantity 4",
	"conQtyPrevRec": "conQtyPrevRec 4",
	"conQtyBill": "conQtyBill 4",
	"unAccWtgPreRec": "unAccWtgPreRec 4",
	"unAccWtgBill": "unAccWtgBill 4",
	"accWtgQtyPreRec": "accWtgQtyPreRec 4",
	"accWtgQtyBill": "accWtgQtyBill 4",
	"balanceQty": "balanceQty 4",
	"vendorName": "vendorName 4",
	"projManNo": "projManNo 4",
	"projManName": "projManName 4",
	"approvedDate": "/Date(1114926743000)/",
	"status": "status 4",
	"tag": "tag 4",
	"__metadata": {
		"uri": "DetailSectionSet('orderNo%204')",
		"type": "YMM_MAT_RCON_SRV.DetailSection"
	}
}, {
	"orderNo": "orderNo 5",
	"jobPeriod": "jobPeriod 5",
	"jobYear": "jobYear 5",
	"invoiceNo": "invoiceNo 5",
	"invoiceDate": "/Date(1517118743000)/",
	"jobStartPeriod": "/Date(1347601943000)/",
	"jobEndPeriod": "/Date(1442296343000)/",
	"materialNo": "materialNo 5",
	"materialDesc": "materialDesc 5",
	"mblnr": "mblnr 5",
	"mjahr": "mjahr 5",
	"UOM": "UOM 5",
	"segment": "segment 5",
	"vendorCode": "vendorCode 5",
	"vendorRepresentative": "vendorRepresentative 5",
	"woIssueType": "woIssueType 5",
	"freeIssueIMSection": "freeIssueIMSection 5",
	"nonFreeIssueIMSection": "nonFreeIssueIMSection 5",
	"quantity": "quantity 5",
	"conQtyPrevRec": "conQtyPrevRec 5",
	"conQtyBill": "conQtyBill 5",
	"unAccWtgPreRec": "unAccWtgPreRec 5",
	"unAccWtgBill": "unAccWtgBill 5",
	"accWtgQtyPreRec": "accWtgQtyPreRec 5",
	"accWtgQtyBill": "accWtgQtyBill 5",
	"balanceQty": "balanceQty 5",
	"vendorName": "vendorName 5",
	"projManNo": "projManNo 5",
	"projManName": "projManName 5",
	"approvedDate": "/Date(1222840343000)/",
	"status": "status 5",
	"tag": "tag 5",
	"__metadata": {
		"uri": "DetailSectionSet('orderNo%205')",
		"type": "YMM_MAT_RCON_SRV.DetailSection"
	}
}, {
	"orderNo": "orderNo 6",
	"jobPeriod": "jobPeriod 6",
	"jobYear": "jobYear 6",
	"invoiceNo": "invoiceNo 6",
	"invoiceDate": "/Date(1378187543000)/",
	"jobStartPeriod": "/Date(1069134743000)/",
	"jobEndPeriod": "/Date(1448171543000)/",
	"materialNo": "materialNo 6",
	"materialDesc": "materialDesc 6",
	"mblnr": "mblnr 6",
	"mjahr": "mjahr 6",
	"UOM": "UOM 6",
	"segment": "segment 6",
	"vendorCode": "vendorCode 6",
	"vendorRepresentative": "vendorRepresentative 6",
	"woIssueType": "woIssueType 6",
	"freeIssueIMSection": "freeIssueIMSection 6",
	"nonFreeIssueIMSection": "nonFreeIssueIMSection 6",
	"quantity": "quantity 6",
	"conQtyPrevRec": "conQtyPrevRec 6",
	"conQtyBill": "conQtyBill 6",
	"unAccWtgPreRec": "unAccWtgPreRec 6",
	"unAccWtgBill": "unAccWtgBill 6",
	"accWtgQtyPreRec": "accWtgQtyPreRec 6",
	"accWtgQtyBill": "accWtgQtyBill 6",
	"balanceQty": "balanceQty 6",
	"vendorName": "vendorName 6",
	"projManNo": "projManNo 6",
	"projManName": "projManName 6",
	"approvedDate": "/Date(1315374743000)/",
	"status": "status 6",
	"tag": "tag 6",
	"__metadata": {
		"uri": "DetailSectionSet('orderNo%206')",
		"type": "YMM_MAT_RCON_SRV.DetailSection"
	}
}, {
	"orderNo": "orderNo 7",
	"jobPeriod": "jobPeriod 7",
	"jobYear": "jobYear 7",
	"invoiceNo": "invoiceNo 7",
	"invoiceDate": "/Date(1494741143000)/",
	"jobStartPeriod": "/Date(1064987543000)/",
	"jobEndPeriod": "/Date(1425707543000)/",
	"materialNo": "materialNo 7",
	"materialDesc": "materialDesc 7",
	"mblnr": "mblnr 7",
	"mjahr": "mjahr 7",
	"UOM": "UOM 7",
	"segment": "segment 7",
	"vendorCode": "vendorCode 7",
	"vendorRepresentative": "vendorRepresentative 7",
	"woIssueType": "woIssueType 7",
	"freeIssueIMSection": "freeIssueIMSection 7",
	"nonFreeIssueIMSection": "nonFreeIssueIMSection 7",
	"quantity": "quantity 7",
	"conQtyPrevRec": "conQtyPrevRec 7",
	"conQtyBill": "conQtyBill 7",
	"unAccWtgPreRec": "unAccWtgPreRec 7",
	"unAccWtgBill": "unAccWtgBill 7",
	"accWtgQtyPreRec": "accWtgQtyPreRec 7",
	"accWtgQtyBill": "accWtgQtyBill 7",
	"balanceQty": "balanceQty 7",
	"vendorName": "vendorName 7",
	"projManNo": "projManNo 7",
	"projManName": "projManName 7",
	"approvedDate": "/Date(1227333143000)/",
	"status": "status 7",
	"tag": "tag 7",
	"__metadata": {
		"uri": "DetailSectionSet('orderNo%207')",
		"type": "YMM_MAT_RCON_SRV.DetailSection"
	}
}, {
	"orderNo": "orderNo 8",
	"jobPeriod": "jobPeriod 8",
	"jobYear": "jobYear 8",
	"invoiceNo": "invoiceNo 8",
	"invoiceDate": "/Date(1315201943000)/",
	"jobStartPeriod": "/Date(1332049943000)/",
	"jobEndPeriod": "/Date(1493272343000)/",
	"materialNo": "materialNo 8",
	"materialDesc": "materialDesc 8",
	"mblnr": "mblnr 8",
	"mjahr": "mjahr 8",
	"UOM": "UOM 8",
	"segment": "segment 8",
	"vendorCode": "vendorCode 8",
	"vendorRepresentative": "vendorRepresentative 8",
	"woIssueType": "woIssueType 8",
	"freeIssueIMSection": "freeIssueIMSection 8",
	"nonFreeIssueIMSection": "nonFreeIssueIMSection 8",
	"quantity": "quantity 8",
	"conQtyPrevRec": "conQtyPrevRec 8",
	"conQtyBill": "conQtyBill 8",
	"unAccWtgPreRec": "unAccWtgPreRec 8",
	"unAccWtgBill": "unAccWtgBill 8",
	"accWtgQtyPreRec": "accWtgQtyPreRec 8",
	"accWtgQtyBill": "accWtgQtyBill 8",
	"balanceQty": "balanceQty 8",
	"vendorName": "vendorName 8",
	"projManNo": "projManNo 8",
	"projManName": "projManName 8",
	"approvedDate": "/Date(1186465943000)/",
	"status": "status 8",
	"tag": "tag 8",
	"__metadata": {
		"uri": "DetailSectionSet('orderNo%208')",
		"type": "YMM_MAT_RCON_SRV.DetailSection"
	}
}, {
	"orderNo": "orderNo 9",
	"jobPeriod": "jobPeriod 9",
	"jobYear": "jobYear 9",
	"invoiceNo": "invoiceNo 9",
	"invoiceDate": "/Date(1166075543000)/",
	"jobStartPeriod": "/Date(1130737943000)/",
	"jobEndPeriod": "/Date(1535176343000)/",
	"materialNo": "materialNo 9",
	"materialDesc": "materialDesc 9",
	"mblnr": "mblnr 9",
	"mjahr": "mjahr 9",
	"UOM": "UOM 9",
	"segment": "segment 9",
	"vendorCode": "vendorCode 9",
	"vendorRepresentative": "vendorRepresentative 9",
	"woIssueType": "woIssueType 9",
	"freeIssueIMSection": "freeIssueIMSection 9",
	"nonFreeIssueIMSection": "nonFreeIssueIMSection 9",
	"quantity": "quantity 9",
	"conQtyPrevRec": "conQtyPrevRec 9",
	"conQtyBill": "conQtyBill 9",
	"unAccWtgPreRec": "unAccWtgPreRec 9",
	"unAccWtgBill": "unAccWtgBill 9",
	"accWtgQtyPreRec": "accWtgQtyPreRec 9",
	"accWtgQtyBill": "accWtgQtyBill 9",
	"balanceQty": "balanceQty 9",
	"vendorName": "vendorName 9",
	"projManNo": "projManNo 9",
	"projManName": "projManName 9",
	"approvedDate": "/Date(1051336343000)/",
	"status": "status 9",
	"tag": "tag 9",
	"__metadata": {
		"uri": "DetailSectionSet('orderNo%209')",
		"type": "YMM_MAT_RCON_SRV.DetailSection"
	}
}, {
	"orderNo": "orderNo 10",
	"jobPeriod": "jobPeriod 10",
	"jobYear": "jobYear 10",
	"invoiceNo": "invoiceNo 10",
	"invoiceDate": "/Date(1537768343000)/",
	"jobStartPeriod": "/Date(1539755543000)/",
	"jobEndPeriod": "/Date(1443851543000)/",
	"materialNo": "materialNo 10",
	"materialDesc": "materialDesc 10",
	"mblnr": "mblnr 10",
	"mjahr": "mjahr 10",
	"UOM": "UOM 10",
	"segment": "segment 10",
	"vendorCode": "vendorCode 10",
	"vendorRepresentative": "vendorRepresentative 10",
	"woIssueType": "woIssueType 10",
	"freeIssueIMSection": "freeIssueIMSection 10",
	"nonFreeIssueIMSection": "nonFreeIssueIMSection 10",
	"quantity": "quantity 10",
	"conQtyPrevRec": "conQtyPrevRec 10",
	"conQtyBill": "conQtyBill 10",
	"unAccWtgPreRec": "unAccWtgPreRec 10",
	"unAccWtgBill": "unAccWtgBill 10",
	"accWtgQtyPreRec": "accWtgQtyPreRec 10",
	"accWtgQtyBill": "accWtgQtyBill 10",
	"balanceQty": "balanceQty 10",
	"vendorName": "vendorName 10",
	"projManNo": "projManNo 10",
	"projManName": "projManName 10",
	"approvedDate": "/Date(1552283543000)/",
	"status": "status 10",
	"tag": "tag 10",
	"__metadata": {
		"uri": "DetailSectionSet('orderNo%2010')",
		"type": "YMM_MAT_RCON_SRV.DetailSection"
	}
}]