[{
	"orderNo": "orderNo 1",
	"SlNo": "SlNo 1",
	"vendorCode": "vendorCode 1",
	"JobPeriod": "JobPeriod 1",
	"JobYear": "JobYear 1",
	"vendorRepresentative": "vendorRepresentative 1",
	"ValidityStart": "/Date(967787524000)/",
	"Status": "Status 1",
	"ManagerNo": "ManagerNo 1",
	"ManagerName": "ManagerName 1",
	"invoiceNo": "invoiceNo 1",
	"invoiceDate": "/Date(1114235524000)/",
	"Remarks": "Remarks 1",
	"__metadata": {
		"uri": "FreeOrderSet(orderNo='orderNo%201',JobPeriod='JobPeriod%201',JobYear='JobYear%201')",
		"type": "YMM_MAT_RCON_SRV.FreeOrder"
	}
}, {
	"orderNo": "orderNo 2",
	"SlNo": "SlNo 2",
	"vendorCode": "vendorCode 2",
	"JobPeriod": "JobPeriod 2",
	"JobYear": "JobYear 2",
	"vendorRepresentative": "vendorRepresentative 2",
	"ValidityStart": "/Date(1264139524000)/",
	"Status": "Status 2",
	"ManagerNo": "ManagerNo 2",
	"ManagerName": "ManagerName 2",
	"invoiceNo": "invoiceNo 2",
	"invoiceDate": "/Date(1509169924000)/",
	"Remarks": "Remarks 2",
	"__metadata": {
		"uri": "FreeOrderSet(orderNo='orderNo%202',JobPeriod='JobPeriod%202',JobYear='JobYear%202')",
		"type": "YMM_MAT_RCON_SRV.FreeOrder"
	}
}, {
	"orderNo": "orderNo 3",
	"SlNo": "SlNo 3",
	"vendorCode": "vendorCode 3",
	"JobPeriod": "JobPeriod 3",
	"JobYear": "JobYear 3",
	"vendorRepresentative": "vendorRepresentative 3",
	"ValidityStart": "/Date(1149141124000)/",
	"Status": "Status 3",
	"ManagerNo": "ManagerNo 3",
	"ManagerName": "ManagerName 3",
	"invoiceNo": "invoiceNo 3",
	"invoiceDate": "/Date(1224654724000)/",
	"Remarks": "Remarks 3",
	"__metadata": {
		"uri": "FreeOrderSet(orderNo='orderNo%203',JobPeriod='JobPeriod%203',JobYear='JobYear%203')",
		"type": "YMM_MAT_RCON_SRV.FreeOrder"
	}
}, {
	"orderNo": "orderNo 4",
	"SlNo": "SlNo 4",
	"vendorCode": "vendorCode 4",
	"JobPeriod": "JobPeriod 4",
	"JobYear": "JobYear 4",
	"vendorRepresentative": "vendorRepresentative 4",
	"ValidityStart": "/Date(1190094724000)/",
	"Status": "Status 4",
	"ManagerNo": "ManagerNo 4",
	"ManagerName": "ManagerName 4",
	"invoiceNo": "invoiceNo 4",
	"invoiceDate": "/Date(1157694724000)/",
	"Remarks": "Remarks 4",
	"__metadata": {
		"uri": "FreeOrderSet(orderNo='orderNo%204',JobPeriod='JobPeriod%204',JobYear='JobYear%204')",
		"type": "YMM_MAT_RCON_SRV.FreeOrder"
	}
}, {
	"orderNo": "orderNo 5",
	"SlNo": "SlNo 5",
	"vendorCode": "vendorCode 5",
	"JobPeriod": "JobPeriod 5",
	"JobYear": "JobYear 5",
	"vendorRepresentative": "vendorRepresentative 5",
	"ValidityStart": "/Date(1139205124000)/",
	"Status": "Status 5",
	"ManagerNo": "ManagerNo 5",
	"ManagerName": "ManagerName 5",
	"invoiceNo": "invoiceNo 5",
	"invoiceDate": "/Date(1405317124000)/",
	"Remarks": "Remarks 5",
	"__metadata": {
		"uri": "FreeOrderSet(orderNo='orderNo%205',JobPeriod='JobPeriod%205',JobYear='JobYear%205')",
		"type": "YMM_MAT_RCON_SRV.FreeOrder"
	}
}, {
	"orderNo": "orderNo 6",
	"SlNo": "SlNo 6",
	"vendorCode": "vendorCode 6",
	"JobPeriod": "JobPeriod 6",
	"JobYear": "JobYear 6",
	"vendorRepresentative": "vendorRepresentative 6",
	"ValidityStart": "/Date(1298958724000)/",
	"Status": "Status 6",
	"ManagerNo": "ManagerNo 6",
	"ManagerName": "ManagerName 6",
	"invoiceNo": "invoiceNo 6",
	"invoiceDate": "/Date(1516081924000)/",
	"Remarks": "Remarks 6",
	"__metadata": {
		"uri": "FreeOrderSet(orderNo='orderNo%206',JobPeriod='JobPeriod%206',JobYear='JobYear%206')",
		"type": "YMM_MAT_RCON_SRV.FreeOrder"
	}
}, {
	"orderNo": "orderNo 7",
	"SlNo": "SlNo 7",
	"vendorCode": "vendorCode 7",
	"JobPeriod": "JobPeriod 7",
	"JobYear": "JobYear 7",
	"vendorRepresentative": "vendorRepresentative 7",
	"ValidityStart": "/Date(1274161924000)/",
	"Status": "Status 7",
	"ManagerNo": "ManagerNo 7",
	"ManagerName": "ManagerName 7",
	"invoiceNo": "invoiceNo 7",
	"invoiceDate": "/Date(990251524000)/",
	"Remarks": "Remarks 7",
	"__metadata": {
		"uri": "FreeOrderSet(orderNo='orderNo%207',JobPeriod='JobPeriod%207',JobYear='JobYear%207')",
		"type": "YMM_MAT_RCON_SRV.FreeOrder"
	}
}, {
	"orderNo": "orderNo 8",
	"SlNo": "SlNo 8",
	"vendorCode": "vendorCode 8",
	"JobPeriod": "JobPeriod 8",
	"JobYear": "JobYear 8",
	"vendorRepresentative": "vendorRepresentative 8",
	"ValidityStart": "/Date(1532325124000)/",
	"Status": "Status 8",
	"ManagerNo": "ManagerNo 8",
	"ManagerName": "ManagerName 8",
	"invoiceNo": "invoiceNo 8",
	"invoiceDate": "/Date(1210139524000)/",
	"Remarks": "Remarks 8",
	"__metadata": {
		"uri": "FreeOrderSet(orderNo='orderNo%208',JobPeriod='JobPeriod%208',JobYear='JobYear%208')",
		"type": "YMM_MAT_RCON_SRV.FreeOrder"
	}
}, {
	"orderNo": "orderNo 9",
	"SlNo": "SlNo 9",
	"vendorCode": "vendorCode 9",
	"JobPeriod": "JobPeriod 9",
	"JobYear": "JobYear 9",
	"vendorRepresentative": "vendorRepresentative 9",
	"ValidityStart": "/Date(1539928324000)/",
	"Status": "Status 9",
	"ManagerNo": "ManagerNo 9",
	"ManagerName": "ManagerName 9",
	"invoiceNo": "invoiceNo 9",
	"invoiceDate": "/Date(1555480324000)/",
	"Remarks": "Remarks 9",
	"__metadata": {
		"uri": "FreeOrderSet(orderNo='orderNo%209',JobPeriod='JobPeriod%209',JobYear='JobYear%209')",
		"type": "YMM_MAT_RCON_SRV.FreeOrder"
	}
}, {
	"orderNo": "orderNo 10",
	"SlNo": "SlNo 10",
	"vendorCode": "vendorCode 10",
	"JobPeriod": "JobPeriod 10",
	"JobYear": "JobYear 10",
	"vendorRepresentative": "vendorRepresentative 10",
	"ValidityStart": "/Date(1039413124000)/",
	"Status": "Status 10",
	"ManagerNo": "ManagerNo 10",
	"ManagerName": "ManagerName 10",
	"invoiceNo": "invoiceNo 10",
	"invoiceDate": "/Date(1239342724000)/",
	"Remarks": "Remarks 10",
	"__metadata": {
		"uri": "FreeOrderSet(orderNo='orderNo%2010',JobPeriod='JobPeriod%2010',JobYear='JobYear%2010')",
		"type": "YMM_MAT_RCON_SRV.FreeOrder"
	}
}]