[{
	"projectManager": "projectManager 1",
	"name": "name 1",
	"__metadata": {
		"uri": "ManagerSet('projectManager%201')",
		"type": "YMM_MAT_RCON_SRV.Manager"
	}
}, {
	"projectManager": "projectManager 2",
	"name": "name 2",
	"__metadata": {
		"uri": "ManagerSet('projectManager%202')",
		"type": "YMM_MAT_RCON_SRV.Manager"
	}
}, {
	"projectManager": "projectManager 3",
	"name": "name 3",
	"__metadata": {
		"uri": "ManagerSet('projectManager%203')",
		"type": "YMM_MAT_RCON_SRV.Manager"
	}
}, {
	"projectManager": "projectManager 4",
	"name": "name 4",
	"__metadata": {
		"uri": "ManagerSet('projectManager%204')",
		"type": "YMM_MAT_RCON_SRV.Manager"
	}
}, {
	"projectManager": "projectManager 5",
	"name": "name 5",
	"__metadata": {
		"uri": "ManagerSet('projectManager%205')",
		"type": "YMM_MAT_RCON_SRV.Manager"
	}
}, {
	"projectManager": "projectManager 6",
	"name": "name 6",
	"__metadata": {
		"uri": "ManagerSet('projectManager%206')",
		"type": "YMM_MAT_RCON_SRV.Manager"
	}
}, {
	"projectManager": "projectManager 7",
	"name": "name 7",
	"__metadata": {
		"uri": "ManagerSet('projectManager%207')",
		"type": "YMM_MAT_RCON_SRV.Manager"
	}
}, {
	"projectManager": "projectManager 8",
	"name": "name 8",
	"__metadata": {
		"uri": "ManagerSet('projectManager%208')",
		"type": "YMM_MAT_RCON_SRV.Manager"
	}
}, {
	"projectManager": "projectManager 9",
	"name": "name 9",
	"__metadata": {
		"uri": "ManagerSet('projectManager%209')",
		"type": "YMM_MAT_RCON_SRV.Manager"
	}
}, {
	"projectManager": "projectManager 10",
	"name": "name 10",
	"__metadata": {
		"uri": "ManagerSet('projectManager%2010')",
		"type": "YMM_MAT_RCON_SRV.Manager"
	}
}]