[{
	"orderNo": "orderNo 1",
	"jobPeriod": "jobPeriod 1",
	"jobYear": "jobYear 1",
	"invoiceNo": "invoiceNo 1",
	"invoiceDate": "/Date(1130478737000)/",
	"materialNo": "materialNo 1",
	"materialDesc": "materialDesc 1",
	"mblnr": "mblnr 1",
	"mjahr": "mjahr 1",
	"UOM": "UOM 1",
	"segment": "segment 1",
	"vendorCode": "vendorCode 1",
	"vendorName": "vendorName 1",
	"vendorRepresentative": "vendorRepresentative 1",
	"relToPlEqp": "relToPlEqp 1",
	"otherEquipment": "otherEquipment 1",
	"woIssueType": "woIssueType 1",
	"freeIssueIMSection": 9.85,
	"nonFreeIssueIMSection": 416.31,
	"netIssueQuantity": 6671.92,
	"conQtyPrevRec": 2613.6,
	"conQtyBill": 7960.43,
	"conQtyTot": 2584.86,
	"unAccWtgPreRec": 5101.49,
	"unAccWtgBill": 7638.68,
	"unAccWtgTot": 100.85,
	"accWtgQtyPreRec": 8688.55,
	"accWtgQtyBill": 9523.1,
	"accWtgQtyTot": 8078.05,
	"balanceQty": 3324.62,
	"projManNo": "projManNo 1",
	"projManName": "projManName 1",
	"approvedDate": "/Date(1542865937000)/",
	"status": "status 1",
	"tag": "tag 1",
	"remarks": "remarks 1",
	"__metadata": {
		"uri": "OrderListSet(orderNo='orderNo%201',jobPeriod='jobPeriod%201',jobYear='jobYear%201')",
		"type": "YMM_MAT_RCON_SRV.OrderList"
	}
}, {
	"orderNo": "orderNo 2",
	"jobPeriod": "jobPeriod 2",
	"jobYear": "jobYear 2",
	"invoiceNo": "invoiceNo 2",
	"invoiceDate": "/Date(1376545937000)/",
	"materialNo": "materialNo 2",
	"materialDesc": "materialDesc 2",
	"mblnr": "mblnr 2",
	"mjahr": "mjahr 2",
	"UOM": "UOM 2",
	"segment": "segment 2",
	"vendorCode": "vendorCode 2",
	"vendorName": "vendorName 2",
	"vendorRepresentative": "vendorRepresentative 2",
	"relToPlEqp": "relToPlEqp 2",
	"otherEquipment": "otherEquipment 2",
	"woIssueType": "woIssueType 2",
	"freeIssueIMSection": 591.67,
	"nonFreeIssueIMSection": 4853.71,
	"netIssueQuantity": 4053.58,
	"conQtyPrevRec": 7495.46,
	"conQtyBill": 7826.71,
	"conQtyTot": 3812,
	"unAccWtgPreRec": 6152.62,
	"unAccWtgBill": 7116.64,
	"unAccWtgTot": 3189.11,
	"accWtgQtyPreRec": 2884.41,
	"accWtgQtyBill": 6673.2,
	"accWtgQtyTot": 3050.52,
	"balanceQty": 2114.01,
	"projManNo": "projManNo 2",
	"projManName": "projManName 2",
	"approvedDate": "/Date(1177998737000)/",
	"status": "status 2",
	"tag": "tag 2",
	"remarks": "remarks 2",
	"__metadata": {
		"uri": "OrderListSet(orderNo='orderNo%202',jobPeriod='jobPeriod%202',jobYear='jobYear%202')",
		"type": "YMM_MAT_RCON_SRV.OrderList"
	}
}, {
	"orderNo": "orderNo 3",
	"jobPeriod": "jobPeriod 3",
	"jobYear": "jobYear 3",
	"invoiceNo": "invoiceNo 3",
	"invoiceDate": "/Date(1158817937000)/",
	"materialNo": "materialNo 3",
	"materialDesc": "materialDesc 3",
	"mblnr": "mblnr 3",
	"mjahr": "mjahr 3",
	"UOM": "UOM 3",
	"segment": "segment 3",
	"vendorCode": "vendorCode 3",
	"vendorName": "vendorName 3",
	"vendorRepresentative": "vendorRepresentative 3",
	"relToPlEqp": "relToPlEqp 3",
	"otherEquipment": "otherEquipment 3",
	"woIssueType": "woIssueType 3",
	"freeIssueIMSection": 865.68,
	"nonFreeIssueIMSection": 7131.28,
	"netIssueQuantity": 4669.02,
	"conQtyPrevRec": 5584.73,
	"conQtyBill": 5582.16,
	"conQtyTot": 9889.58,
	"unAccWtgPreRec": 2209.25,
	"unAccWtgBill": 9106.05,
	"unAccWtgTot": 5632.87,
	"accWtgQtyPreRec": 517.85,
	"accWtgQtyBill": 5272.55,
	"accWtgQtyTot": 6084.72,
	"balanceQty": 3899.73,
	"projManNo": "projManNo 3",
	"projManName": "projManName 3",
	"approvedDate": "/Date(1404193937000)/",
	"status": "status 3",
	"tag": "tag 3",
	"remarks": "remarks 3",
	"__metadata": {
		"uri": "OrderListSet(orderNo='orderNo%203',jobPeriod='jobPeriod%203',jobYear='jobYear%203')",
		"type": "YMM_MAT_RCON_SRV.OrderList"
	}
}, {
	"orderNo": "orderNo 4",
	"jobPeriod": "jobPeriod 4",
	"jobYear": "jobYear 4",
	"invoiceNo": "invoiceNo 4",
	"invoiceDate": "/Date(1442987537000)/",
	"materialNo": "materialNo 4",
	"materialDesc": "materialDesc 4",
	"mblnr": "mblnr 4",
	"mjahr": "mjahr 4",
	"UOM": "UOM 4",
	"segment": "segment 4",
	"vendorCode": "vendorCode 4",
	"vendorName": "vendorName 4",
	"vendorRepresentative": "vendorRepresentative 4",
	"relToPlEqp": "relToPlEqp 4",
	"otherEquipment": "otherEquipment 4",
	"woIssueType": "woIssueType 4",
	"freeIssueIMSection": 539.99,
	"nonFreeIssueIMSection": 6592.09,
	"netIssueQuantity": 3731.02,
	"conQtyPrevRec": 9240,
	"conQtyBill": 7680,
	"conQtyTot": 5575.25,
	"unAccWtgPreRec": 4212.82,
	"unAccWtgBill": 2621.15,
	"unAccWtgTot": 4078.77,
	"accWtgQtyPreRec": 9244.63,
	"accWtgQtyBill": 6336.84,
	"accWtgQtyTot": 7555.63,
	"balanceQty": 9799.75,
	"projManNo": "projManNo 4",
	"projManName": "projManName 4",
	"approvedDate": "/Date(1561701137000)/",
	"status": "status 4",
	"tag": "tag 4",
	"remarks": "remarks 4",
	"__metadata": {
		"uri": "OrderListSet(orderNo='orderNo%204',jobPeriod='jobPeriod%204',jobYear='jobYear%204')",
		"type": "YMM_MAT_RCON_SRV.OrderList"
	}
}, {
	"orderNo": "orderNo 5",
	"jobPeriod": "jobPeriod 5",
	"jobYear": "jobYear 5",
	"invoiceNo": "invoiceNo 5",
	"invoiceDate": "/Date(977205137000)/",
	"materialNo": "materialNo 5",
	"materialDesc": "materialDesc 5",
	"mblnr": "mblnr 5",
	"mjahr": "mjahr 5",
	"UOM": "UOM 5",
	"segment": "segment 5",
	"vendorCode": "vendorCode 5",
	"vendorName": "vendorName 5",
	"vendorRepresentative": "vendorRepresentative 5",
	"relToPlEqp": "relToPlEqp 5",
	"otherEquipment": "otherEquipment 5",
	"woIssueType": "woIssueType 5",
	"freeIssueIMSection": 5976.94,
	"nonFreeIssueIMSection": 3090.44,
	"netIssueQuantity": 1297.78,
	"conQtyPrevRec": 3101.81,
	"conQtyBill": 9545.37,
	"conQtyTot": 4880.84,
	"unAccWtgPreRec": 3507.19,
	"unAccWtgBill": 2537.92,
	"unAccWtgTot": 5393.82,
	"accWtgQtyPreRec": 4076.01,
	"accWtgQtyBill": 2192.78,
	"accWtgQtyTot": 8733.68,
	"balanceQty": 9210.64,
	"projManNo": "projManNo 5",
	"projManName": "projManName 5",
	"approvedDate": "/Date(1272693137000)/",
	"status": "status 5",
	"tag": "tag 5",
	"remarks": "remarks 5",
	"__metadata": {
		"uri": "OrderListSet(orderNo='orderNo%205',jobPeriod='jobPeriod%205',jobYear='jobYear%205')",
		"type": "YMM_MAT_RCON_SRV.OrderList"
	}
}, {
	"orderNo": "orderNo 6",
	"jobPeriod": "jobPeriod 6",
	"jobYear": "jobYear 6",
	"invoiceNo": "invoiceNo 6",
	"invoiceDate": "/Date(1132465937000)/",
	"materialNo": "materialNo 6",
	"materialDesc": "materialDesc 6",
	"mblnr": "mblnr 6",
	"mjahr": "mjahr 6",
	"UOM": "UOM 6",
	"segment": "segment 6",
	"vendorCode": "vendorCode 6",
	"vendorName": "vendorName 6",
	"vendorRepresentative": "vendorRepresentative 6",
	"relToPlEqp": "relToPlEqp 6",
	"otherEquipment": "otherEquipment 6",
	"woIssueType": "woIssueType 6",
	"freeIssueIMSection": 2390.42,
	"nonFreeIssueIMSection": 2606.31,
	"netIssueQuantity": 253.95,
	"conQtyPrevRec": 8644.83,
	"conQtyBill": 3876.5,
	"conQtyTot": 4644.53,
	"unAccWtgPreRec": 5241.71,
	"unAccWtgBill": 530.23,
	"unAccWtgTot": 597.52,
	"accWtgQtyPreRec": 735.79,
	"accWtgQtyBill": 1369.13,
	"accWtgQtyTot": 7452.82,
	"balanceQty": 830.66,
	"projManNo": "projManNo 6",
	"projManName": "projManName 6",
	"approvedDate": "/Date(1378878737000)/",
	"status": "status 6",
	"tag": "tag 6",
	"remarks": "remarks 6",
	"__metadata": {
		"uri": "OrderListSet(orderNo='orderNo%206',jobPeriod='jobPeriod%206',jobYear='jobYear%206')",
		"type": "YMM_MAT_RCON_SRV.OrderList"
	}
}, {
	"orderNo": "orderNo 7",
	"jobPeriod": "jobPeriod 7",
	"jobYear": "jobYear 7",
	"invoiceNo": "invoiceNo 7",
	"invoiceDate": "/Date(1080107537000)/",
	"materialNo": "materialNo 7",
	"materialDesc": "materialDesc 7",
	"mblnr": "mblnr 7",
	"mjahr": "mjahr 7",
	"UOM": "UOM 7",
	"segment": "segment 7",
	"vendorCode": "vendorCode 7",
	"vendorName": "vendorName 7",
	"vendorRepresentative": "vendorRepresentative 7",
	"relToPlEqp": "relToPlEqp 7",
	"otherEquipment": "otherEquipment 7",
	"woIssueType": "woIssueType 7",
	"freeIssueIMSection": 9458.29,
	"nonFreeIssueIMSection": 361.18,
	"netIssueQuantity": 7670.07,
	"conQtyPrevRec": 1526.14,
	"conQtyBill": 1407.91,
	"conQtyTot": 9453.76,
	"unAccWtgPreRec": 3215.49,
	"unAccWtgBill": 488.01,
	"unAccWtgTot": 437.51,
	"accWtgQtyPreRec": 2347.95,
	"accWtgQtyBill": 8583.65,
	"accWtgQtyTot": 5338.33,
	"balanceQty": 7559.91,
	"projManNo": "projManNo 7",
	"projManName": "projManName 7",
	"approvedDate": "/Date(1474955537000)/",
	"status": "status 7",
	"tag": "tag 7",
	"remarks": "remarks 7",
	"__metadata": {
		"uri": "OrderListSet(orderNo='orderNo%207',jobPeriod='jobPeriod%207',jobYear='jobYear%207')",
		"type": "YMM_MAT_RCON_SRV.OrderList"
	}
}, {
	"orderNo": "orderNo 8",
	"jobPeriod": "jobPeriod 8",
	"jobYear": "jobYear 8",
	"invoiceNo": "invoiceNo 8",
	"invoiceDate": "/Date(1506577937000)/",
	"materialNo": "materialNo 8",
	"materialDesc": "materialDesc 8",
	"mblnr": "mblnr 8",
	"mjahr": "mjahr 8",
	"UOM": "UOM 8",
	"segment": "segment 8",
	"vendorCode": "vendorCode 8",
	"vendorName": "vendorName 8",
	"vendorRepresentative": "vendorRepresentative 8",
	"relToPlEqp": "relToPlEqp 8",
	"otherEquipment": "otherEquipment 8",
	"woIssueType": "woIssueType 8",
	"freeIssueIMSection": 5074.03,
	"nonFreeIssueIMSection": 4226.1,
	"netIssueQuantity": 7346.05,
	"conQtyPrevRec": 9914.9,
	"conQtyBill": 8316.62,
	"conQtyTot": 9923.53,
	"unAccWtgPreRec": 6666.91,
	"unAccWtgBill": 3064.08,
	"unAccWtgTot": 3857.63,
	"accWtgQtyPreRec": 6043.81,
	"accWtgQtyBill": 4782.39,
	"accWtgQtyTot": 5449.66,
	"balanceQty": 7566.99,
	"projManNo": "projManNo 8",
	"projManName": "projManName 8",
	"approvedDate": "/Date(1429336337000)/",
	"status": "status 8",
	"tag": "tag 8",
	"remarks": "remarks 8",
	"__metadata": {
		"uri": "OrderListSet(orderNo='orderNo%208',jobPeriod='jobPeriod%208',jobYear='jobYear%208')",
		"type": "YMM_MAT_RCON_SRV.OrderList"
	}
}, {
	"orderNo": "orderNo 9",
	"jobPeriod": "jobPeriod 9",
	"jobYear": "jobYear 9",
	"invoiceNo": "invoiceNo 9",
	"invoiceDate": "/Date(1189921937000)/",
	"materialNo": "materialNo 9",
	"materialDesc": "materialDesc 9",
	"mblnr": "mblnr 9",
	"mjahr": "mjahr 9",
	"UOM": "UOM 9",
	"segment": "segment 9",
	"vendorCode": "vendorCode 9",
	"vendorName": "vendorName 9",
	"vendorRepresentative": "vendorRepresentative 9",
	"relToPlEqp": "relToPlEqp 9",
	"otherEquipment": "otherEquipment 9",
	"woIssueType": "woIssueType 9",
	"freeIssueIMSection": 8708.98,
	"nonFreeIssueIMSection": 2500.55,
	"netIssueQuantity": 7329.31,
	"conQtyPrevRec": 5370.75,
	"conQtyBill": 4086.07,
	"conQtyTot": 7640.19,
	"unAccWtgPreRec": 3914.64,
	"unAccWtgBill": 3359.28,
	"unAccWtgTot": 4605.26,
	"accWtgQtyPreRec": 3684.2,
	"accWtgQtyBill": 1902.14,
	"accWtgQtyTot": 161.29,
	"balanceQty": 8419.26,
	"projManNo": "projManNo 9",
	"projManName": "projManName 9",
	"approvedDate": "/Date(1557467537000)/",
	"status": "status 9",
	"tag": "tag 9",
	"remarks": "remarks 9",
	"__metadata": {
		"uri": "OrderListSet(orderNo='orderNo%209',jobPeriod='jobPeriod%209',jobYear='jobYear%209')",
		"type": "YMM_MAT_RCON_SRV.OrderList"
	}
}, {
	"orderNo": "orderNo 10",
	"jobPeriod": "jobPeriod 10",
	"jobYear": "jobYear 10",
	"invoiceNo": "invoiceNo 10",
	"invoiceDate": "/Date(1008741137000)/",
	"materialNo": "materialNo 10",
	"materialDesc": "materialDesc 10",
	"mblnr": "mblnr 10",
	"mjahr": "mjahr 10",
	"UOM": "UOM 10",
	"segment": "segment 10",
	"vendorCode": "vendorCode 10",
	"vendorName": "vendorName 10",
	"vendorRepresentative": "vendorRepresentative 10",
	"relToPlEqp": "relToPlEqp 10",
	"otherEquipment": "otherEquipment 10",
	"woIssueType": "woIssueType 10",
	"freeIssueIMSection": 8175.99,
	"nonFreeIssueIMSection": 1149.33,
	"netIssueQuantity": 4983.7,
	"conQtyPrevRec": 8022.9,
	"conQtyBill": 2652.61,
	"conQtyTot": 3710.25,
	"unAccWtgPreRec": 7931.29,
	"unAccWtgBill": 2456.87,
	"unAccWtgTot": 1323.49,
	"accWtgQtyPreRec": 3112.94,
	"accWtgQtyBill": 5752,
	"accWtgQtyTot": 125.75,
	"balanceQty": 4371.32,
	"projManNo": "projManNo 10",
	"projManName": "projManName 10",
	"approvedDate": "/Date(1334987537000)/",
	"status": "status 10",
	"tag": "tag 10",
	"remarks": "remarks 10",
	"__metadata": {
		"uri": "OrderListSet(orderNo='orderNo%2010',jobPeriod='jobPeriod%2010',jobYear='jobYear%2010')",
		"type": "YMM_MAT_RCON_SRV.OrderList"
	}
}]