<core:FragmentDefinition xmlns="sap.m" xmlns:core="sap.ui.core" xmlns:f="sap.ui.layout.form" xmlns:l="sap.ui.layout">
	<Dialog id="historyDialog" title="History" stretch="jQuery.device.is.phone">
		<Table id="remarkslist" enableBusyIndicator="true" ariaLabelledBy="title" fixedLayout="false"
			items="{ path:'/RemarksSet', sorter:{path: 'action_timestamp', descending: 'true'} }" growing="true" growingScrollToLoad="true"
			growingThreshold="50" backgroundDesign="Transparent" showSeparators="Inner" class="tableHeader">
			<columns hAlign="Center">
				<Column hAlign="Center"></Column>
			</columns>
			<items>
				<ColumnListItem vAlign="Middle">
					<cells>
						<VBox>
							<FlexBox alignItems="Start">
								<items>
									<VBox width="100%" alignContent="Start" alignItems="Start">
										<Label text="Manager" design="Bold"/>
										<Text text="{projManName} ({projManNo})" class="historyCss"></Text>
									</VBox>
									<VBox width="100%" alignContent="Start" alignItems="Start">
										<Label text="Requester" design="Bold" />
										<Text text="{requesterId}" class="historyCss"></Text>
									</VBox>
									<VBox width="100%" alignContent="Start" alignItems="Start">
										<Label text="Status" design="Bold" />
										<!--<Text text="{status}" /> -->
										<ObjectStatus text="{status}"
													  state="{ parts: [ {path: 'status'}], formatter: '.formatter.setState' }" class="historyCss"/>
									</VBox>
								</items>
							</FlexBox>
							<FlexBox
								direction="Column"
								alignItems="Start">
								<items>
									<VBox width="100%" alignContent="Start" alignItems="Start" class="sapUiTinyMarginTop historyRemarks">
										<Text text="{remarks}" class="sapUiTinyMargin" textAlign="Begin" textDirection="LTR" />
									</VBox>
									<Text textAlign="Begin" class="timeStampCss sapUiTinyMarginTop" textDirection="LTR" text="{path: 'action_timestamp', type:'sap.ui.model.type.Date', formatOptions: {  pattern: 'dd/MM/yyyy-hh:mm a', UTC: true } }" />
								</items>
							</FlexBox>
						</VBox>
					</cells>
				</ColumnListItem>
			</items>
		</Table>
		<buttons>
			<Button text="Cancel" press="handleHistoryDialogCancel"/>
		</buttons>
	</Dialog>
</core:FragmentDefinition>