<core:FragmentDefinition xmlns="sap.m" xmlns:core="sap.ui.core" xmlns:f="sap.ui.layout.form" xmlns:l="sap.ui.layout">
	<Dialog id="historyDialog" class="sapUiContentPadding" title="History" stretch="jQuery.device.is.phone">
		<content>
			<f:SimpleForm editable="true" layout="ResponsiveGridLayout" labelSpanXL="3" labelSpanL="3" labelSpanM="3" labelSpanS="12"
				adjustLabelSpan="false" emptySpanXL="4" emptySpanL="4" emptySpanM="4" emptySpanS="0" columnsXL="1" columnsL="1" columnsM="1"
				singleContainerFullSize="true">
				<f:content>
					<List id="remarkslist" showSeparators="Inner" items="{ path:'/RemarksSet', sorter:{path: 'sequence', descending: 'true'} }" growing="true" growingScrollToLoad="true"
						growingThreshold="50">
						<items>
							<FeedListItem id="cmtfeeditem" 
								sender="{projManName}" 
								senderActive="false"
								showIcon="false"
								text="{status}" 
								info="{remarks}"
								iconActive="false"
								timestamp="{path: 'action_timestamp', type:'sap.ui.model.type.Date', formatOptions: { pattern: 'dd.MM.YYYY' } }"
								type="Active"/>
						</items>
					</List>
				</f:content>
			</f:SimpleForm>
		</content>
		<buttons>
			<Button text="Cancel" press="handleHistoryDialogCancel"/>
		</buttons>
	</Dialog>
</core:FragmentDefinition>
<!--icon="sap-icon://personnel-view" -->
<!--info="{EXPRESSION_STATE} {path:'EXPRESSION_STATE', formatter:'.formatter.getParticiple'} {APPROVER_NAME} on"-->
<!--timestamp="{path: 'TIMESTAMP', formatter: '.formatter.formatDateStr'}" -->