<core:FragmentDefinition xmlns="sap.m" xmlns:core="sap.ui.core" xmlns:f="sap.ui.layout.form" xmlns:l="sap.ui.layout">
	<Dialog id="historyDialog" class="sapUiContentPadding" title="History" stretch="jQuery.device.is.phone">
		<content>
			<f:SimpleForm editable="true" layout="ResponsiveGridLayout" labelSpanXL="3" labelSpanL="3" labelSpanM="3" labelSpanS="12"
				adjustLabelSpan="false" emptySpanXL="4" emptySpanL="4" emptySpanM="4" emptySpanS="0" columnsXL="1" columnsL="1" columnsM="1"
				singleContainerFullSize="true">
				<f:content>
					<List id="cmtlist" showSeparators="Inner" items="{ path:'/ET_EXPR_VERSIONSet', sorter:{path: 'VERSION', descending: 'true'} }">
						<items>
							<FeedListItem id="cmtfeeditem" icon="sap-icon://personnel-view" sender="{CHANGED_BY}" text="{COMMENTS}" 
								info="v.{VERSION} {EXPRESSION_STATE} {path:'EXPRESSION_STATE', formatter:'.formatter.getParticiple'} {APPROVER_NAME} on"
								timestamp="{path: 'TIMESTAMP', formatter: '.formatter.formatDateStr'}" maxCharacters="50" type="Active"/>
						</items>
					</List>
				</f:content>
			</f:SimpleForm>
		</content>
		<buttons>
			<Button text="Cancel" press="handleHistoryDialogCancel"/>
		</buttons>
	</Dialog>
</core:FragmentDefinition>