<core:FragmentDefinition xmlns="sap.m" xmlns:core="sap.ui.core" xmlns:l="sap.ui.layout" xmlns:html="http://www.w3.org/1999/xhtml">
	<!--<Dialog title="Calculation" contentWidth="100%" contentHeight="100%">-->
		<!--<content heigth="100%" id="manualFragment">-->
			<l:VerticalLayout width="100%">
				<l:Grid containerQuery="true" defaultSpan="XL3 L3 M4 S12" class="sapUiSmallMargin">
					<html:div class="gridDiv sapUiSmallMargin">
						<Label text="Free Issue from IM Section (Cumulative Qty) (A)" class="sapUiTinyMargin textWrap" design="Bold"/>
						<Input id="freeIssueIMSection" value="{/freeIssueIMSection}" editable="false" class="sapUiTinyMarginBegin" width="90%"/>
						<Label text="Non Free Issue from IM Section on Loan basis (Cumulative Qty) (B)" class="sapUiTinyMargin textWrap" design="Bold"/>
						<Input id="nonFreeIssueIMSection" value="{/nonFreeIssueIMSection}" editable="false" class="sapUiTinyMarginBegin" width="90%"/>
						<Label text="Net Issue Qty (C=A+B)" class="sapUiTinyMargin textWrap" design="Bold"/>
						<Input id="netIssueQuantity" value="{/netIssueQuantity}" editable="false" class="sapUiTinyMarginBegin" width="90%"/>
					</html:div>
					<html:div class="gridDiv sapUiSmallMargin">
						<Label text="Consumed Quantity till previous records (D)" class="sapUiTinyMargin textWrap" design="Bold"/>
						<Input id="conQtyPrevRec" value="{/conQtyPrevRec}" editable="false" class="sapUiTinyMarginBegin" width="90%"/>
						<Label text="Consumed Quantity this Bill (E)" class="sapUiTinyMargin textWrap" design="Bold"/>
						<Input id="conQtyBill" value="{/conQtyBill}" editable="false" class="sapUiTinyMarginBegin" width="90%" submit="upDateModel"/>
						<Label text="Consumed Quantity till date (Cumulative Qty) (F=D+E)" class="sapUiTinyMargin textWrap" design="Bold" />
						<Input id="conQtyTot" value="{/conQtyTot}" editable="false" class="sapUiTinyMarginBegin" width="90%"/>
					</html:div>
					<html:div class="gridDiv sapUiSmallMargin">
						<Label text="Unaccountable wastage Quantity till previous records (G)" class="sapUiTinyMargin textWrap" design="Bold" />
						<Input id="unAccWtgPreRec" value="{/unAccWtgPreRec}" editable="false" class="sapUiTinyMarginBegin" width="90%"/>
						<Label text="Unaccountable wastage Quantity this Bill (H)" class="sapUiTinyMargin textWrap" design="Bold" />
						<Input id="unAccWtgBill" value="{/unAccWtgBill}" editable="false" class="sapUiTinyMarginBegin" width="90%" submit="upDateModel"/>
						<Label text="Unaccountable wastage till date (Cumulative Qty) (I=G+H)" class="sapUiTinyMargin textWrap" design="Bold" />
						<Input id="unAccWtgTot" value="{/unAccWtgTot}" editable="false" class="sapUiTinyMarginBegin" width="90%"/>
					</html:div>
					<html:div class="gridDiv sapUiSmallMargin">
						<Label text="Accountable wastage Quantity till previous records (J)" class="sapUiTinyMargin textWrap" design="Bold" />
						<Input id="accWtgQtyPreRec" value="{/accWtgQtyPreRec}" editable="false" class="sapUiTinyMarginBegin" width="90%"/>
						<Label text="Accountable wastage Quantity this Bill (K)" class="sapUiTinyMargin textWrap" design="Bold" />
						<Input id="accWtgQtyBill" value="{/accWtgQtyBill}" editable="false" class="sapUiTinyMarginBegin" width="90%" submit="upDateModel"/>
						<Label text="Accountable wastage till date (Cumulative Qty) (L=J+K))" class="sapUiTinyMargin textWrap" design="Bold" />
						<Input id="accWtgQtyTot" value="{/accWtgQtyTot}" editable="false" class="sapUiTinyMarginBegin" width="90%"/>
					</html:div>
				</l:Grid>
			</l:VerticalLayout>
			<l:VerticalLayout width="100%" class="gridWrapper">
				<l:Grid containerQuery="true" position="Center" width="50%" defaultSpan="XL3 L3 M12 S12">
					<html:div class="gridDiv">
						<Label text="Balance Qty (M=C-F-I-L)" class="sapUiTinyMargin textWrap" design="Bold"/>
						<Input id="balanceQty" value="{/balanceQty}" editable="false" class="sapUiTinyMarginBegin" width="90%"/>
					</html:div>
				</l:Grid>
			</l:VerticalLayout>
			
		<!--</content>-->
	<!--</Dialog>-->
	
</core:FragmentDefinition>