<core:FragmentDefinition xmlns="sap.m" xmlns:core="sap.ui.core" xmlns:f="sap.ui.layout.form" xmlns:l="sap.ui.layout"
	xmlns:html="http://www.w3.org/1999/xhtml">
	<Dialog title="Preview" contentWidth="100%" contentHeight="80%" id="previewFragment" class="previewFragment">
		<l:VerticalLayout width="100%">
			<l:Grid containerQuery="true" defaultSpan="XL2 L2 M4 S12" class="sapUiSmallMargin">
				<HBox>
					<VBox>
						<Label text="Work Order" class="prvtxt"/>
						<Label text="{fragmentData>/orderNo}" class="prvtxtOpt"/>
					</VBox>
				</HBox>
				<HBox>
					<VBox>
						<Label text="Material" class="prvtxt" />
						<Label text="{fragmentData>/materialNo}" class="prvtxtOpt"/>
					</VBox>
				</HBox>
				<HBox>
					<VBox>
						<Label text="Material Description" class="prvtxt" />
						<Label text="{fragmentData>/materialDesc}" class="prvtxtOpt"/>
					</VBox>
				</HBox>
				<HBox>
					<VBox>
						<Label text="Vendor Code" class="prvtxt" />
						<Label text="{fragmentData>/vendorCode}" class="prvtxtOpt" />
					</VBox>
				</HBox>
				<HBox>
					<VBox>
						<Label text="Balance Qty" class="prvtxt" />
						<Label text="{fragmentData>/balanceQty}" class="prvtxtBalQty" />
					</VBox>
				</HBox>
			</l:Grid>
		</l:VerticalLayout>
		<html:hr></html:hr>
		<l:VerticalLayout width="100%" class="sapUiSmallMarginBegin sapUiSmallMarginTop">
			<l:Grid containerQuery="true" defaultSpan="XL6 L6 M4 S12" class="">
				<html:div class="gridDiv">
					<VBox>
						<Label text="Free Issue from IM Section (Cumulative Qty) (A)" class="prvtxt"/>
						<Text id="freeIssueIMSection" text="{fragmentData>/freeIssueIMSection}" class="prvtxtOpt" />
						<Label text="Non Free Issue from IM Section on Loan basis (Cumulative Qty) (B)" class="prvtxt sapUiTinyMarginTop"/>
						<Text id="nonFreeIssueIMSection" text="{fragmentData>/nonFreeIssueIMSection}" class="prvtxtOpt"/>
						<Label text="Net Issue Qty (C=A+B)" class="prvtxt sapUiTinyMarginTop"/>
						<Text id="netIssueQuantity" text="{fragmentData>/netIssueQuantity}" class="prvtxtOpt" />
					</VBox>
				</html:div>
				<html:div class="gridDiv">
					<VBox>
						<Label text="Consumed Quantity till previous records (D)" class="prvtxt"/>
						<Text id="conQtyPrevRec" text="{fragmentData>/conQtyPrevRec}" class="prvtxtOpt" />
						<Label text="Consumed Quantity this Bill (E)" class="prvtxt sapUiTinyMarginTop"/>
						<Text id="conQtyBill" text="{fragmentData>/conQtyBill}" class="prvtxtOpt" />
						<Label text="Consumed Quantity till date (Cumulative Qty) (F=D+E)" class="prvtxt sapUiTinyMarginTop"/>
						<Text id="conQtyTot" text="{fragmentData>/conQtyTot}" class="prvtxtOpt" />
					</VBox>
				</html:div>
			</l:Grid>
		</l:VerticalLayout>
		<l:VerticalLayout width="100%" class="sapUiSmallMarginBegin sapUiSmallMarginTop">
			<l:Grid containerQuery="true" defaultSpan="XL6 L6 M4 S12" class="">
				<html:div class="gridDiv">
					<VBox>
						<Label text="Unaccountable wastage Quantity till previous records (G)" class="prvtxt"/>
						<Text id="unAccWtgPreRec" text="{fragmentData>/unAccWtgPreRec}" class="prvtxtOpt" />
						<Label text="Unaccountable wastage Quantity this Bill (H)" class="prvtxt sapUiTinyMarginTop"/>
						<Text id="unAccWtgBill" text="{fragmentData>/unAccWtgBill}" class="prvtxtOpt" />
						<Label text="Unaccountable wastage till date (Cumulative Qty) (I=G+H)" class="prvtxt sapUiTinyMarginTop"/>
						<Text id="unAccWtgTot" text="{fragmentData>/unAccWtgTot}" class="prvtxtOpt" />
					</VBox>
				</html:div>
				<html:div class="gridDiv">
					<VBox>
						<Label text="Accountable wastage Quantity till previous records (J)" class="prvtxt"/>
						<Text id="accWtgQtyPreRec" text="{fragmentData>/accWtgQtyPreRec}" class="prvtxtOpt" />
						<Label text="Accountable wastage Quantity this Bill (K)" class="prvtxt sapUiTinyMarginTop"/>
						<Text id="accWtgQtyBill" text="{fragmentData>/accWtgQtyBill}" class="prvtxtOpt" />
						<Label text="Accountable wastage till date (Cumulative Qty) (L=J+K))" class="prvtxt sapUiTinyMarginTop"/>
						<Text id="accWtgQtyTot" text="{fragmentData>/accWtgQtyTot}" class="prvtxtOpt" />
					</VBox>
				</html:div>
			</l:Grid>
		</l:VerticalLayout>
		<buttons>
			<Button text="Close" press="closeFragemnt"/>
		</buttons>
	</Dialog>
</core:FragmentDefinition>