<core:FragmentDefinition xmlns="sap.m" xmlns:core="sap.ui.core" xmlns:f="sap.ui.layout.form" xmlns:l="sap.ui.layout"
	xmlns:html="http://www.w3.org/1999/xhtml">
	<Dialog title="Preview" contentWidth="100%" contentHeight="80%" id="previewFragment" class="previewFragment">
		<l:VerticalLayout width="100%">
			<l:Grid containerQuery="true" defaultSpan="XL2 L2 M4 S12" class="sapUiSmallMargin">
				<HBox>
					<VBox>
						<Label text="Work Order" class="prvtxt"/>
						<Label text="{fragmentData>/orderNo}" class="prvtxtOpt"/>
					</VBox>
				</HBox>
				<HBox>
					<VBox>
						<Label text="Material" class="prvtxt" />
						<Label text="{path: 'fragmentData>/materialNo', formatter: '.formatter.removingZeros' }" class="prvtxtOpt"/>
						
					</VBox>
				</HBox>
				<HBox>
					<VBox>
						<Label text="Material Description" class="prvtxt" />
						<Label text="{fragmentData>/materialDesc}" class="prvtxtOpt"/>
					</VBox>
				</HBox>
				<HBox>
					<VBox>
						<Label text="Vendor Code" class="prvtxt" />
						<Label text="{fragmentData>/vendorCode}" class="prvtxtOpt" />
					</VBox>
				</HBox>
				<HBox>
					<VBox>
						<Label text="{i18n>balanceQty}" class="prvtxt" />
						<Label text="{fragmentData>/balanceQty}" class="prvtxtBalQty" />
					</VBox>
				</HBox>
			</l:Grid>
		</l:VerticalLayout>
		<html:hr></html:hr>
		<l:VerticalLayout width="100%" class="sapUiSmallMarginBegin sapUiSmallMarginTop">
			<l:Grid containerQuery="true" defaultSpan="XL6 L6 M4 S12" class="">
				<html:div class="gridDiv">
					<VBox>
						<Label text="{i18n>freeIssueIMSection}" class="prvtxt"/>
						<Text id="freeIssueIMSection" text="{fragmentData>/freeIssueIMSection}" class="prvtxtOpt" />
						<Label text="{i18n>nonFreeIssueIMSection}" class="prvtxt sapUiTinyMarginTop"/>
						<Text id="nonFreeIssueIMSection" text="{fragmentData>/nonFreeIssueIMSection}" class="prvtxtOpt"/>
						<Label text="{i18n>netIssueQuantity}" class="prvtxt sapUiTinyMarginTop"/>
						<Text id="netIssueQuantity" text="{fragmentData>/netIssueQuantity}" class="prvtxtOpt" />
					</VBox>
				</html:div>
				<html:div class="gridDiv">
					<VBox>
						<Label text="{i18n>conQtyPrevRec}" class="prvtxt"/>
						<Text id="conQtyPrevRec" text="{fragmentData>/conQtyPrevRec}" class="prvtxtOpt" />
						<Label text="{i18n>conQtyBill}" class="prvtxt sapUiTinyMarginTop"/>
						<Text id="conQtyBill" text="{fragmentData>/conQtyBill}" class="prvtxtOpt" />
						<Label text="{i18n>conQtyTot}" class="prvtxt sapUiTinyMarginTop"/>
						<Text id="conQtyTot" text="{fragmentData>/conQtyTot}" class="prvtxtOpt" />
					</VBox>
				</html:div>
			</l:Grid>
		</l:VerticalLayout>
		<l:VerticalLayout width="100%" class="sapUiSmallMarginBegin sapUiSmallMarginTop">
			<l:Grid containerQuery="true" defaultSpan="XL6 L6 M4 S12" class="">
				<html:div class="gridDiv">
					<VBox>
						<Label text="{i18n>unAccWtgPreRec}" class="prvtxt"/>
						<Text id="unAccWtgPreRec" text="{fragmentData>/unAccWtgPreRec}" class="prvtxtOpt" />
						<Label text="{i18n>unAccWtgBill}" class="prvtxt sapUiTinyMarginTop"/>
						<Text id="unAccWtgBill" text="{fragmentData>/unAccWtgBill}" class="prvtxtOpt" />
						<Label text="{i18n>unAccWtgTot}" class="prvtxt sapUiTinyMarginTop"/>
						<Text id="unAccWtgTot" text="{fragmentData>/unAccWtgTot}" class="prvtxtOpt" />
					</VBox>
				</html:div>
				<html:div class="gridDiv">
					<VBox>
						<Label text="{i18n>accWtgQtyPreRec}" class="prvtxt"/>
						<Text id="accWtgQtyPreRec" text="{fragmentData>/accWtgQtyPreRec}" class="prvtxtOpt" />
						<Label text="{i18n>accWtgQtyBill}" class="prvtxt sapUiTinyMarginTop"/>
						<Text id="accWtgQtyBill" text="{fragmentData>/accWtgQtyBill}" class="prvtxtOpt" />
						<Label text="{i18n>accWtgQtyTot}" class="prvtxt sapUiTinyMarginTop"/>
						<Text id="accWtgQtyTot" text="{fragmentData>/accWtgQtyTot}" class="prvtxtOpt" />
					</VBox>
				</html:div>
			</l:Grid>
		</l:VerticalLayout>
		<buttons>
			<Button text="Close" press="closeFragemnt"/>
		</buttons>
	</Dialog>
</core:FragmentDefinition>