<edmx:Edmx xmlns:edmx="http://schemas.microsoft.com/ado/2007/06/edmx"
	xmlns:m="http://schemas.microsoft.com/ado/2007/08/dataservices/metadata" xmlns:sap="http://www.sap.com/Protocols/SAPData" Version="1.0">
	<edmx:DataServices m:DataServiceVersion="2.0">
		<Schema xmlns="http://schemas.microsoft.com/ado/2008/09/edm" Namespace="YMM_MAT_RCON_SRV" xml:lang="en" sap:schema-version="1">
			<EntityType Name="FreeOrder" sap:content-version="1">
				<Key><PropertyRef Name="orderNo"/><PropertyRef Name="SlNo"/></Key><Property Name="orderNo" Type="Edm.String" Nullable="false" MaxLength="10" sap:unicode="false" sap:label="Order No"/><Property Name="SlNo" Type="Edm.String" Nullable="false" sap:unicode="false" sap:label="Serial No" sap:creatable="false"
					sap:updatable="false" sap:sortable="false" sap:filterable="false"/><Property Name="JobPeriod" Type="Edm.String" Nullable="false" sap:unicode="false" sap:label="JobPeriod" sap:creatable="false"
					sap:updatable="false" sap:sortable="false"/><Property Name="JobYear" Type="Edm.String" Nullable="false" sap:unicode="false" sap:label="JobYear" sap:creatable="false"
					sap:updatable="false" sap:sortable="false"/><Property Name="ValidityStart" Type="Edm.DateTime" Precision="0" sap:unicode="false" sap:label="ValidityStart" sap:creatable="false"
					sap:updatable="false" sap:sortable="false"/><Property Name="Status" Type="Edm.String" Nullable="false" sap:unicode="false" sap:label="Status" sap:creatable="false"
					sap:updatable="false" sap:sortable="false"/><Property Name="ManagerName" Type="Edm.String" Nullable="false" sap:unicode="false" sap:label="Manager Name" sap:creatable="false"
					sap:updatable="false" sap:sortable="false" sap:filterable="false"/><Property Name="Remarks" Type="Edm.String" Nullable="false" sap:unicode="false" sap:label="Remarks" sap:creatable="false"
					sap:updatable="false" sap:sortable="false" sap:filterable="false"/></EntityType>
			<EntityType Name="DetailSection" sap:content-version="1">
				<Key><PropertyRef Name="orderNo"/></Key><Property Name="orderNo" Type="Edm.String" Nullable="false" MaxLength="10" sap:unicode="false" sap:label="Order No" sap:creatable="false"
					sap:updatable="false" sap:sortable="false"/><Property Name="jobPeriod" Type="Edm.String" Nullable="false" sap:unicode="false" sap:label="JobPeriod" sap:creatable="false"
					sap:updatable="false" sap:sortable="false" sap:filterable="false"/><Property Name="jobYear" Type="Edm.String" Nullable="false" sap:unicode="false" sap:label="JobYear" sap:creatable="false"
					sap:updatable="false" sap:sortable="false" sap:filterable="false"/><Property Name="invoiceNo" Type="Edm.String" Nullable="false" MaxLength="10" sap:unicode="false" sap:label="Invoice Nunmber"
					sap:creatable="false" sap:updatable="false" sap:sortable="false" sap:filterable="false"/><Property Name="invoiceDate" Type="Edm.DateTime" Precision="0" sap:unicode="false" sap:label="Invoice Date" sap:creatable="false"
					sap:updatable="false" sap:sortable="false" sap:filterable="false"/><Property Name="jobStartPeriod" Type="Edm.DateTime" Precision="0" sap:unicode="false" sap:label="Job Start Period" sap:creatable="false"
					sap:updatable="false" sap:sortable="false" sap:filterable="false"/><Property Name="jobEndPeriod" Type="Edm.DateTime" Precision="0" sap:unicode="false" sap:label="Job End Period" sap:creatable="false"
					sap:updatable="false" sap:sortable="false" sap:filterable="false"/><Property Name="materialNo" Type="Edm.String" Nullable="false" MaxLength="40" sap:unicode="false" sap:label="Material Number"
					sap:creatable="false" sap:updatable="false" sap:sortable="false" sap:filterable="false"/><Property Name="materialDesc" Type="Edm.String" Nullable="false" MaxLength="40" sap:unicode="false" sap:label="Material Description"
					sap:creatable="false" sap:updatable="false" sap:sortable="false" sap:filterable="false"/><Property Name="mblnr" Type="Edm.String" Nullable="false" sap:unicode="false" sap:label="Number of Material Document" sap:creatable="false"
					sap:updatable="false" sap:sortable="false" sap:filterable="false"/><Property Name="mjahr" Type="Edm.String" Nullable="false" sap:unicode="false" sap:label="Material Document Year" sap:creatable="false"
					sap:updatable="false" sap:sortable="false" sap:filterable="false"/><Property Name="UOM" Type="Edm.String" Nullable="false" sap:unicode="false" sap:label="Base Unit of Measure" sap:creatable="false"
					sap:updatable="false" sap:sortable="false" sap:filterable="false"/><Property Name="segement" Type="Edm.String" Nullable="false" MaxLength="30" sap:unicode="false" sap:label="Segment" sap:creatable="false"
					sap:updatable="false" sap:sortable="false" sap:filterable="false"/><Property Name="woIssueType" Type="Edm.String" Nullable="false" sap:unicode="false" sap:label="Issue Type" sap:creatable="false"
					sap:updatable="false" sap:sortable="false" sap:filterable="false"/><Property Name="freeIssueIMSection" Type="Edm.String" Nullable="false" sap:unicode="false" sap:label="Free Issue from IM Section"
					sap:creatable="false" sap:updatable="false" sap:sortable="false" sap:filterable="false"/><Property Name="nonFreeIssueIMSection" Type="Edm.String" Nullable="false" sap:unicode="false" sap:label="Non Free Issue from IM Section"
					sap:creatable="false" sap:updatable="false" sap:sortable="false" sap:filterable="false"/><Property Name="quantity" Type="Edm.String" Nullable="false" sap:unicode="false" sap:label="Quantity" sap:creatable="false"
					sap:updatable="false" sap:sortable="false" sap:filterable="false"/><Property Name="conQtyPrevRec" Type="Edm.String" Nullable="false" sap:unicode="false" sap:label="Consumed Quantity till previous records"
					sap:creatable="false" sap:updatable="false" sap:sortable="false" sap:filterable="false"/><Property Name="conQtyBill" Type="Edm.String" Nullable="false" sap:unicode="false" sap:label="Consumed Quantity this Bill"
					sap:creatable="false" sap:updatable="false" sap:sortable="false" sap:filterable="false"/><Property Name="unAccWtgPreRec" Type="Edm.String" Nullable="false" sap:unicode="false"
					sap:label="Unaccountable wastage Quantity till previous records" sap:creatable="false" sap:updatable="false" sap:sortable="false"
					sap:filterable="false"/><Property Name="unAccWtgBill" Type="Edm.String" Nullable="false" sap:unicode="false" sap:label="Unaccountable wastage Quantity this Bill"
					sap:creatable="false" sap:updatable="false" sap:sortable="false" sap:filterable="false"/><Property Name="accWtgQtyPreRec" Type="Edm.String" Nullable="false" sap:unicode="false"
					sap:label="Accountable wastage Quantity till previous records" sap:creatable="false" sap:updatable="false" sap:sortable="false"
					sap:filterable="false"/><Property Name="accWtgQtyBill" Type="Edm.String" Nullable="false" sap:unicode="false" sap:label="Accountable wastage Quantity this Bill"
					sap:creatable="false" sap:updatable="false" sap:sortable="false" sap:filterable="false"/><Property Name="balanceQty" Type="Edm.String" Nullable="false" sap:unicode="false" sap:label="Balance Quantity" sap:creatable="false"
					sap:updatable="false" sap:sortable="false" sap:filterable="false"/><Property Name="vendorName" Type="Edm.String" Nullable="false" sap:unicode="false" sap:label="Vendor representative name"
					sap:creatable="false" sap:updatable="false" sap:sortable="false" sap:filterable="false"/><Property Name="projManNo" Type="Edm.String" Nullable="false" sap:unicode="false" sap:label="Project manager (P No)" sap:creatable="false"
					sap:updatable="false" sap:sortable="false" sap:filterable="false"/><Property Name="projManName" Type="Edm.String" Nullable="false" sap:unicode="false" sap:label="Project manager (Name)" sap:creatable="false"
					sap:updatable="false" sap:sortable="false" sap:filterable="false"/><Property Name="approvedDate" Type="Edm.DateTime" Precision="0" sap:unicode="false" sap:label="Approved by Project manager on"
					sap:creatable="false" sap:updatable="false" sap:sortable="false" sap:filterable="false"/><Property Name="status" Type="Edm.String" Nullable="false" sap:unicode="false" sap:label="Status" sap:creatable="false"
					sap:updatable="false" sap:sortable="false" sap:filterable="false"/><Property Name="tag" Type="Edm.String" Nullable="false" sap:unicode="false" sap:label="Tag" sap:creatable="false" sap:updatable="false"
					sap:sortable="false" sap:filterable="false"/></EntityType>
			<EntityContainer Name="YMM_MAT_RCON_SRV_Entities" m:IsDefaultEntityContainer="true" sap:supported-formats="atom json xlsx"><EntitySet Name="FreeOrderSet" EntityType="YMM_MAT_RCON_SRV.FreeOrder" sap:creatable="false" sap:updatable="false" sap:deletable="false"
				sap:pageable="false" sap:addressable="false" sap:content-version="1"/><EntitySet Name="DetailSectionSet" EntityType="YMM_MAT_RCON_SRV.DetailSection" sap:creatable="false" sap:updatable="false"
				sap:deletable="false" sap:pageable="false" sap:addressable="false" sap:content-version="1"/></EntityContainer><atom:link xmlns:atom="http://www.w3.org/2005/Atom" rel="self" href="https://176.0.7.8:8000/sap/opu/odata/sap/YMM_MAT_RCON_SRV/$metadata"/><atom:link xmlns:atom="http://www.w3.org/2005/Atom" rel="latest-version"
				href="https://176.0.7.8:8000/sap/opu/odata/sap/YMM_MAT_RCON_SRV/$metadata"/></Schema>
	</edmx:DataServices>
</edmx:Edmx>