<core:FragmentDefinition xmlns="sap.m" xmlns:core="sap.ui.core" xmlns:l="sap.ui.layout" xmlns:html="http://www.w3.org/1999/xhtml" xmlns:f="sap.ui.layout.form">
	<Dialog title="Submit the Form" contentWidth="100%" contentHeight="100%" id="manualFragment" class="manualFragment">
		<content heigth="100%">
			<Panel expandable="true" headerText="Material" width="auto">
				<content>
					<l:VerticalLayout width="100%">
						<l:Grid containerQuery="true" defaultSpan="XL4 L4 M4 S12" class="sapUiMediumMarginBegin" id="fragmentHeader">
							<HBox>
								<VBox>
									<Label text="Work Order" class="prvtxt" design="Bold"/>
									<Label text="{tableData>/orderNo}" class="prvtxtOpt"/>
								</VBox>
							</HBox>
							<HBox>
								<VBox>
									<Label text="Material" class="prvtxt" design="Bold"/>
									<Label text="{path: 'tableData>/materialNo', formatter: '.formatter.removingZeros' }" class="prvtxtOpt"/>
								</VBox>
							</HBox>
							<HBox>
								<VBox>
									<Label text="Material Description" class="prvtxt" design="Bold"/>
									<Label text="{tableData>/materialDesc}" class="prvtxtOpt"/>
								</VBox>
							</HBox>
						</l:Grid>
					</l:VerticalLayout>
				</content>
			</Panel>
			<Panel expandable="true" headerText="Previous and Current Quantity" width="auto" class="sapUiResponsiveMargin">
				<VBox>
					<f:SimpleForm maxContainerCols="4" editable="false" layout="ResponsiveLayout" labelSpanXL="3" labelSpanL="3"
						labelSpanM="4" emptySpanXL="0" emptySpanL="0" emptySpanM="0" columnsXL="3" columnsL="2" columnsM="2">
						<f:content>
							<core:Title text="Previous Month"/>
							<Label text="Free Issue" design="Bold"/>
							<Text text="0.000"/>
							<Label text="Non Free Issue" design="Bold"/>
							<Text text="0.000"/>
							<core:Title text="Current Month" />
							<Label text="Free Issue" design="Bold"/>
							<Text text="0.000"/>
							<Label text="Non Free Issue" design="Bold"/>
							<Text text="0.000"/>
							<core:Title text="Returns"/>
							<Label text="Return" design="Bold"/>
							<Text text="0.000"/>
						</f:content>
					</f:SimpleForm>
				</VBox>
			</Panel>
			<html:hr/>
			<l:VerticalLayout width="100%">
				<l:Grid containerQuery="true" defaultSpan="XL3 L3 M4 S12" class="sapUiSmallMargin">
					<html:div class="gridDiv sapUiSmallMargin">
						<Label text="{i18n>freeIssueIMSection}" class="sapUiTinyMargin textWrap" design="Bold"/>
						<Input id="freeIssueIMSection" value="{/freeIssueIMSection}" editable="false" class="sapUiTinyMarginBegin" width="90%"/>
						<Label text="{i18n>nonFreeIssueIMSection}" class="sapUiTinyMargin textWrap" design="Bold"/>
						<Input id="nonFreeIssueIMSection" value="{/nonFreeIssueIMSection}" editable="false" class="sapUiTinyMarginBegin" width="90%"/>
						<Label text="{i18n>netIssueQuantity}" class="sapUiTinyMargin textWrap" design="Bold"/>
						<Input id="netIssueQuantity" value="{/netIssueQuantity}" editable="false" class="sapUiTinyMarginBegin" width="90%"/>
					</html:div>
					<html:div class="gridDiv sapUiSmallMargin">
						<Label text="{i18n>conQtyPrevRec}" class="sapUiTinyMargin textWrap" design="Bold"/>
						<Input id="conQtyPrevRec" value="{/conQtyPrevRec}" editable="false" class="sapUiTinyMarginBegin" width="90%"/>
						<Label text="{i18n>conQtyBill}" class="sapUiTinyMargin textWrap" design="Bold"/>
						<HBox class="sapUiTinyMarginBegin">
							<core:Icon src="sap-icon://user-edit" size="100%" height="100%" width="100%" color="#031E48" class="sapUiTinyMarginTop"/>
							<Input id="conQtyBill" value="{/conQtyBill}" class="sapUiTinyMarginBegin" editable="true" width="92%" submit="upDateModel"/>
						</HBox>
						<Label text="{i18n>conQtyTot}" class="sapUiTinyMargin textWrap" design="Bold"/>
						<Input id="conQtyTot" value="{/conQtyTot}" editable="false" class="sapUiTinyMarginBegin" width="90%"/>
					</html:div>
					<html:div class="gridDiv sapUiSmallMargin">
						<Label text="{i18n>unAccWtgPreRec}" class="sapUiTinyMargin textWrap" design="Bold"/>
						<Input id="unAccWtgPreRec" value="{/unAccWtgPreRec}" editable="false" class="sapUiTinyMarginBegin" width="90%"/>
						<Label text="{i18n>unAccWtgBill}" class="sapUiTinyMargin textWrap" design="Bold"/>
						<HBox class="sapUiTinyMarginBegin">
							<core:Icon src="sap-icon://user-edit" size="100%" height="100%" width="100%" color="#031E48" class="sapUiTinyMarginTop"/>
							<Input id="unAccWtgBill" value="{/unAccWtgBill}" editable="true" class="sapUiTinyMarginBegin" width="92%" submit="upDateModel"/>
						</HBox>
						<Label text="{i18n>unAccWtgTot}" class="sapUiTinyMargin textWrap" design="Bold"/>
						<Input id="unAccWtgTot" value="{/unAccWtgTot}" editable="false" class="sapUiTinyMarginBegin" width="90%"/>
					</html:div>
					<html:div class="gridDiv sapUiSmallMargin">
						<Label text="{i18n>accWtgQtyPreRec}" class="sapUiTinyMargin textWrap" design="Bold"/>
						<Input id="accWtgQtyPreRec" value="{/accWtgQtyPreRec}" editable="false" class="sapUiTinyMarginBegin" width="90%"/>
						<Label text="{i18n>accWtgQtyBill}" class="sapUiTinyMargin textWrap" design="Bold"/>
						<HBox class="sapUiTinyMarginBegin">
							<core:Icon src="sap-icon://user-edit" size="100%" height="100%" width="100%" color="#031E48" class="sapUiTinyMarginTop"/>
							<Input id="accWtgQtyBill" value="{/accWtgQtyBill}" editable="true" class="sapUiTinyMarginBegin" width="92%" submit="upDateModel"/>
						</HBox>
						<Label text="{i18n>accWtgQtyTot}" class="sapUiTinyMargin textWrap" design="Bold"/>
						<Input id="accWtgQtyTot" value="{/accWtgQtyTot}" editable="false" class="sapUiTinyMarginBegin" width="90%"/>
					</html:div>
				</l:Grid>
			</l:VerticalLayout>
			<l:VerticalLayout width="100%" class="gridWrapper">
				<l:Grid containerQuery="true" position="Center" width="50%" defaultSpan="XL3 L3 M12 S12">
					<html:div class="gridDiv">
						<Label text="{i18n>balanceQty}" class="sapUiTinyMargin textWrap" design="Bold"/>
						<Input id="balanceQty" value="{/balanceQty}" editable="false" class="sapUiTinyMarginBegin" width="90%"/>
					</html:div>
				</l:Grid>
			</l:VerticalLayout>
		</content>
		<buttons>
			<Button text="Save" press="handleManulaInputSubmit"/>
			<Button text="Cancel" press="handleManulaInputCancel"/>
		</buttons>
	</Dialog>
</core:FragmentDefinition>