<core:FragmentDefinition xmlns="sap.m" xmlns:core="sap.ui.core" xmlns:f="sap.ui.layout.form" xmlns:l="sap.ui.layout"
	xmlns:html="http://www.w3.org/1999/xhtml">
	<Dialog title="Preview" contentWidth="100%" contentHeight="100%" id="previewFragment" class="previewFragment">
		<!--<content heigth="100%" id="previewContent">-->
		<!--</content>-->
		
		<buttons>
			<Button text="Close" press="previewClose"/>
			<!--<Button text="Cancel" press="handleManulaInputCancel"/>-->
		</buttons>
	</Dialog>
</core:FragmentDefinition>